# Host: localhost  (Version: 5.0.90-community-nt)
# Date: 2016-06-03 09:23:34
# Generator: MySQL-Front 5.3  (Build 4.214)

/*!40101 SET NAMES utf8 */;

#
# Structure for table "insurance"
#

DROP TABLE IF EXISTS `insurance`;
CREATE TABLE `insurance` (
  `no` int(11) unsigned NOT NULL auto_increment,
  `name` char(20) default NULL,
  `company` float(2,2) default NULL,
  `personal` float(2,2) default NULL,
  PRIMARY KEY  (`no`)
) ENGINE=InnoDB AUTO_INCREMENT=6 DEFAULT CHARSET=utf8;

#
# Data for table "insurance"
#

INSERT INTO `insurance` VALUES (1,'YangLao',0.20,0.08),(2,'YiLiao',0.06,0.02),(3,'ShiYe',0.02,0.01),(4,'GongShang',0.01,0.00),(5,'ShengYu',0.01,0.00);

#
# Structure for table "jobs"
#

DROP TABLE IF EXISTS `jobs`;
CREATE TABLE `jobs` (
  `job` char(10) NOT NULL,
  `jname` char(10) default NULL,
  PRIMARY KEY  (`job`)
) ENGINE=InnoDB DEFAULT CHARSET=utf8;

#
# Data for table "jobs"
#

INSERT INTO `jobs` VALUES ('2001','SALE'),('2002','IT');

#
# Structure for table "recruit"
#

DROP TABLE IF EXISTS `recruit`;
CREATE TABLE `recruit` (
  `id` varchar(255) default NULL,
  `department` char(10) default NULL,
  `job` char(10) default NULL,
  `need` int(11) default NULL,
  `limits` int(11) default NULL,
  `fact` int(11) default NULL,
  `state` int(11) default NULL,
  `description` varchar(2000) default NULL
) ENGINE=InnoDB DEFAULT CHARSET=utf8;

#
# Data for table "recruit"
#


#
# Structure for table "department"
#

DROP TABLE IF EXISTS `department`;
CREATE TABLE `department` (
  `department` char(10) NOT NULL,
  `dname` char(10) default NULL,
  `manager` varchar(20) default NULL,
  PRIMARY KEY  (`department`),
  KEY `manager` (`manager`),
  CONSTRAINT `department_ibfk_1` FOREIGN KEY (`manager`) REFERENCES `user` (`id`) ON DELETE CASCADE ON UPDATE CASCADE
) ENGINE=InnoDB DEFAULT CHARSET=utf8;

#
# Data for table "department"
#

INSERT INTO `department` VALUES ('1001','SALE','1');

#
# Structure for table "user"
#

DROP TABLE IF EXISTS `user`;
CREATE TABLE `user` (
  `id` varchar(255) NOT NULL default '0',
  `name` char(20) default NULL,
  `sex` char(4) NOT NULL default '男',
  `age` int(11) default NULL,
  `entry` date default NULL,
  `job` char(10) default NULL,
  `salary` float(8,2) unsigned NOT NULL default '0.00',
  `bonus` float(8,2) unsigned NOT NULL default '0.00',
  `department` char(10) default NULL,
  `superior` char(20) default NULL,
  PRIMARY KEY  (`id`),
  KEY `P_SUPER` (`superior`),
  KEY `P_dept` (`department`),
  KEY `P_JOB` (`job`),
  CONSTRAINT `P_dept` FOREIGN KEY (`department`) REFERENCES `department` (`department`),
  CONSTRAINT `P_JOB` FOREIGN KEY (`job`) REFERENCES `jobs` (`job`),
  CONSTRAINT `P_SUPER` FOREIGN KEY (`superior`) REFERENCES `user` (`id`)
) ENGINE=InnoDB DEFAULT CHARSET=utf8;

#
# Data for table "user"
#

INSERT INTO `user` VALUES ('1','李洁','女',19,'2016-05-14','2002',1000.00,100.00,'1001','1'),('2','Myth','男',13,'2016-04-04','2002',2000.00,1000.00,'1001','1'),('3','Li','女',14,'2016-03-12','2002',2000.00,0.00,NULL,NULL),('4','Li','男',19,'2016-07-01','2002',2400.00,300.00,'1001','1'),('5','Jack','男',21,'2016-06-18','2002',3000.00,500.00,'1001','1'),('6','Lucy','女',19,'2016-07-17','2001',2000.00,200.00,'1001','1');

#
# Structure for table "sal_record"
#

DROP TABLE IF EXISTS `sal_record`;
CREATE TABLE `sal_record` (
  `id` varchar(255) default NULL,
  `dates` date default NULL,
  `base` float(8,2) default NULL,
  `base_sal` float(6,2) unsigned NOT NULL default '12.00',
  KEY `P_IDS` (`id`),
  CONSTRAINT `P_IDS` FOREIGN KEY (`id`) REFERENCES `user` (`id`)
) ENGINE=InnoDB DEFAULT CHARSET=utf8;

#
# Data for table "sal_record"
#

INSERT INTO `sal_record` VALUES ('1','2016-04-02',2000.00,12.00),('1','2016-03-14',3000.00,12.00),('1','2016-05-12',3000.00,12.00),('2','2016-04-02',2000.00,12.00),('2','2016-05-12',3000.00,12.00);

#
# Structure for table "bonus_record"
#

DROP TABLE IF EXISTS `bonus_record`;
CREATE TABLE `bonus_record` (
  `id` varchar(255) default NULL,
  `dates` date default NULL,
  `bonus` float(8,2) default NULL,
  `attendance` float(4,2) default NULL COMMENT '考勤奖金的计算的状态（有值就是计算了，0或空就是等待计算）',
  `insurance` float(4,2) default NULL COMMENT '五险的计算',
  KEY `P_IDB` (`id`),
  CONSTRAINT `P_IDB` FOREIGN KEY (`id`) REFERENCES `user` (`id`)
) ENGINE=InnoDB DEFAULT CHARSET=utf8;

#
# Data for table "bonus_record"
#

INSERT INTO `bonus_record` VALUES ('1','2016-04-14',800.00,NULL,NULL),('1','2016-03-21',200.00,NULL,NULL),('1','2016-05-12',800.00,NULL,NULL),('2','2016-04-14',800.00,NULL,NULL),('2','2016-05-12',800.00,NULL,NULL);

#
# Structure for table "attendance"
#

DROP TABLE IF EXISTS `attendance`;
CREATE TABLE `attendance` (
  `id` varchar(255) default NULL COMMENT '打卡表',
  `dates` date default NULL,
  `ontimes` time default NULL COMMENT '打卡的时间点',
  `offtimes` time default NULL COMMENT '退卡时间',
  `types` int(11) default NULL COMMENT '上午1下午0',
  `fee` float(4,2) unsigned NOT NULL default '50.00' COMMENT '缺勤单天价格',
  KEY `P_IDI` (`id`),
  CONSTRAINT `P_IDI` FOREIGN KEY (`id`) REFERENCES `user` (`id`)
) ENGINE=InnoDB DEFAULT CHARSET=utf8 COMMENT='出勤表';

#
# Data for table "attendance"
#

INSERT INTO `attendance` VALUES ('1','2016-05-01','07:40:00','12:00:00',1,10.00),('1','2016-05-02','07:32:00','12:00:00',1,10.00),('1','2016-05-03','08:43:00','13:00:00',1,10.00),('1','2016-05-04','08:38:00','13:00:00',1,10.00),('1','2016-05-05','08:52:00','12:00:00',1,10.00),('1','2016-05-06','08:58:00','13:00:00',1,10.00),('1','2016-05-07','08:11:00','13:00:00',1,10.00),('1','2016-05-08','07:00:00','12:00:00',1,10.00),('1','2016-05-09','08:08:00','13:00:00',1,10.00),('1','2016-05-10','07:40:00','13:00:00',1,10.00),('1','2016-05-11','08:29:00','13:00:00',1,10.00),('1','2016-05-12','08:54:00','13:00:00',1,10.00),('1','2016-05-13','07:59:00','13:00:00',1,10.00),('1','2016-05-14','07:38:00','12:00:00',1,10.00),('1','2016-05-15','07:59:00','12:00:00',1,10.00),('1','2016-05-16','08:04:00','13:00:00',1,10.00),('1','2016-05-17','07:58:00','12:00:00',1,10.00),('1','2016-05-18','08:47:00','12:00:00',1,10.00),('1','2016-05-19','08:26:00','12:00:00',1,10.00),('1','2016-05-20','07:43:00','12:00:00',1,10.00),('1','2016-05-21','07:50:00','13:00:00',1,10.00),('1','2016-05-22','08:16:00','12:00:00',1,10.00),('1','2016-05-23','08:15:00','13:00:00',1,10.00),('1','2016-05-24','07:04:00','12:00:00',1,10.00),('1','2016-05-25','08:08:00','13:00:00',1,10.00),('1','2016-05-26','08:10:00','12:00:00',1,10.00),('1','2016-05-27','07:26:00','13:00:00',1,10.00),('1','2016-05-28','08:32:00','13:00:00',1,10.00),('1','2016-05-29','07:36:00','13:00:00',1,10.00),('1','2016-05-01','13:21:00','19:00:00',0,10.00),('1','2016-05-02','13:36:00','18:00:00',0,10.00),('1','2016-05-03','14:11:00','18:00:00',0,10.00),('1','2016-05-04','14:10:00','19:00:00',0,10.00),('1','2016-05-05','13:17:00','19:00:00',0,10.00),('1','2016-05-06','14:45:00','19:00:00',0,10.00),('1','2016-05-07','14:13:00','18:00:00',0,10.00),('1','2016-05-08','13:34:00','18:00:00',0,10.00),('1','2016-05-09','14:28:00','18:00:00',0,10.00),('1','2016-05-10','13:10:00','19:00:00',0,10.00),('1','2016-05-11','14:21:00','19:00:00',0,10.00),('1','2016-05-12','13:23:00','19:00:00',0,10.00),('1','2016-05-13','13:24:00','18:00:00',0,10.00),('1','2016-05-14','13:21:00','19:00:00',0,10.00),('1','2016-05-15','14:16:00','18:00:00',0,10.00),('1','2016-05-16','14:25:00','18:00:00',0,10.00),('1','2016-05-17','14:23:00','19:00:00',0,10.00),('1','2016-05-18','14:39:00','18:00:00',0,10.00),('1','2016-05-19','14:31:00','19:00:00',0,10.00),('1','2016-05-20','14:31:00','18:00:00',0,10.00),('1','2016-04-01','07:05:00','12:00:00',1,10.00),('1','2016-04-02','07:16:00','13:00:00',1,10.00),('1','2016-04-03','07:03:00','12:00:00',1,10.00),('1','2016-04-04','07:07:00','13:00:00',1,10.00),('1','2016-04-05','08:51:00','13:00:00',1,10.00),('1','2016-04-06','07:09:00','12:00:00',1,10.00),('1','2016-04-07','07:55:00','12:00:00',1,10.00),('1','2016-04-08','08:29:00','13:00:00',1,10.00),('1','2016-04-09','07:49:00','12:00:00',1,10.00),('1','2016-04-10','08:18:00','13:00:00',1,10.00),('1','2016-04-11','07:30:00','12:00:00',1,10.00),('1','2016-04-12','08:40:00','13:00:00',1,10.00),('1','2016-04-13','07:34:00','12:00:00',1,10.00),('1','2016-04-14','08:57:00','12:00:00',1,10.00),('1','2016-04-15','07:18:00','12:00:00',1,10.00),('1','2016-04-16','08:01:00','13:00:00',1,10.00),('1','2016-04-17','08:29:00','13:00:00',1,10.00),('1','2016-04-18','08:51:00','12:00:00',1,10.00),('1','2016-04-19','07:02:00','13:00:00',1,10.00),('1','2016-04-20','08:20:00','12:00:00',1,10.00),('1','2016-04-21','08:49:00','13:00:00',1,10.00),('1','2016-04-22','08:01:00','13:00:00',1,10.00),('1','2016-04-23','08:20:00','13:00:00',1,10.00),('1','2016-04-24','07:29:00','12:00:00',1,10.00),('1','2016-04-25','07:17:00','13:00:00',1,10.00),('1','2016-04-26','07:33:00','12:00:00',1,10.00),('1','2016-04-27','08:55:00','12:00:00',1,10.00),('1','2016-04-28','08:13:00','12:00:00',1,10.00),('1','2016-04-29','08:44:00','13:00:00',1,10.00),('1','2016-04-01','13:20:00','18:00:00',0,10.00),('1','2016-04-02','13:17:00','18:00:00',0,10.00),('1','2016-04-03','13:46:00','18:00:00',0,10.00),('1','2016-04-04','13:15:00','19:00:00',0,10.00),('1','2016-04-05','13:13:00','19:00:00',0,10.00),('1','2016-04-06','14:27:00','19:00:00',0,10.00),('1','2016-04-07','13:36:00','18:00:00',0,10.00),('1','2016-04-08','13:39:00','19:00:00',0,10.00),('1','2016-04-09','13:26:00','19:00:00',0,10.00),('1','2016-04-10','13:26:00','19:00:00',0,10.00),('1','2016-04-11','14:17:00','18:00:00',0,10.00),('1','2016-04-12','14:30:00','18:00:00',0,10.00),('1','2016-04-13','13:25:00','18:00:00',0,10.00),('1','2016-04-14','14:31:00','19:00:00',0,10.00),('1','2016-04-15','14:18:00','18:00:00',0,10.00),('1','2016-04-16','13:45:00','18:00:00',0,10.00),('1','2016-04-17','13:43:00','18:00:00',0,10.00),('1','2016-04-18','14:24:00','19:00:00',0,10.00),('1','2016-04-19','13:35:00','19:00:00',0,10.00),('1','2016-04-20','14:34:00','18:00:00',0,10.00),('1','2016-04-21','13:22:00','18:00:00',0,10.00),('1','2016-04-22','13:42:00','18:00:00',0,10.00),('1','2016-04-23','14:12:00','18:00:00',0,10.00),('1','2016-04-24','14:42:00','18:00:00',0,10.00),('1','2016-04-25','14:39:00','19:00:00',0,10.00),('1','2016-04-26','14:34:00','19:00:00',0,10.00),('1','2016-04-27','13:18:00','19:00:00',0,10.00),('1','2016-04-28','14:35:00','18:00:00',0,10.00),('1','2016-04-29','13:21:00','19:00:00',0,10.00),('2','2016-04-01','07:04:00','13:00:00',1,10.00),('2','2016-04-02','07:26:00','12:00:00',1,10.00),('2','2016-04-03','08:53:00','12:00:00',1,10.00),('2','2016-04-04','08:55:00','13:00:00',1,10.00),('2','2016-04-05','08:35:00','13:00:00',1,10.00),('2','2016-04-06','07:16:00','13:00:00',1,10.00),('2','2016-04-07','07:27:00','13:00:00',1,10.00),('2','2016-04-08','08:39:00','13:00:00',1,10.00),('2','2016-04-09','08:03:00','13:00:00',1,10.00),('2','2016-04-10','08:18:00','12:00:00',1,10.00),('2','2016-04-11','08:38:00','13:00:00',1,10.00),('2','2016-04-12','07:49:00','12:00:00',1,10.00),('2','2016-04-13','07:11:00','12:00:00',1,10.00),('2','2016-04-14','08:11:00','13:00:00',1,10.00),('2','2016-04-15','08:14:00','13:00:00',1,10.00),('2','2016-04-16','08:39:00','12:00:00',1,10.00),('2','2016-04-17','08:05:00','13:00:00',1,10.00),('2','2016-04-18','08:02:00','12:00:00',1,10.00),('2','2016-04-19','08:51:00','13:00:00',1,10.00),('2','2016-04-20','08:23:00','13:00:00',1,10.00),('2','2016-04-21','07:36:00','12:00:00',1,10.00),('2','2016-04-22','07:08:00','13:00:00',1,10.00),('2','2016-04-23','08:37:00','13:00:00',1,10.00),('2','2016-04-24','07:43:00','13:00:00',1,10.00),('2','2016-04-25','08:13:00','13:00:00',1,10.00),('2','2016-04-26','08:52:00','13:00:00',1,10.00),('2','2016-04-27','07:55:00','12:00:00',1,10.00),('2','2016-04-28','08:43:00','12:00:00',1,10.00),('2','2016-04-29','07:57:00','12:00:00',1,10.00),('2','2016-04-01','13:24:00','19:00:00',0,10.00),('2','2016-04-02','13:16:00','19:00:00',0,10.00),('2','2016-04-03','14:40:00','19:00:00',0,10.00),('2','2016-04-04','13:46:00','18:00:00',0,10.00),('2','2016-04-05','14:14:00','18:00:00',0,10.00),('2','2016-04-06','13:33:00','19:00:00',0,10.00),('2','2016-04-07','13:39:00','19:00:00',0,10.00),('2','2016-04-08','14:39:00','19:00:00',0,10.00),('2','2016-04-09','13:32:00','19:00:00',0,10.00),('2','2016-04-10','14:15:00','18:00:00',0,10.00),('2','2016-04-11','14:25:00','19:00:00',0,10.00),('2','2016-04-12','14:42:00','18:00:00',0,10.00),('2','2016-04-13','13:37:00','18:00:00',0,10.00),('2','2016-04-14','14:26:00','18:00:00',0,10.00),('2','2016-04-15','14:42:00','18:00:00',0,10.00),('2','2016-04-16','14:20:00','18:00:00',0,10.00),('2','2016-04-17','13:20:00','18:00:00',0,10.00),('2','2016-04-18','14:36:00','18:00:00',0,10.00),('2','2016-04-19','13:13:00','18:00:00',0,10.00),('2','2016-04-20','14:40:00','19:00:00',0,10.00),('2','2016-04-21','14:20:00','18:00:00',0,10.00),('2','2016-04-22','13:39:00','18:00:00',0,10.00),('2','2016-04-23','14:22:00','19:00:00',0,10.00),('2','2016-04-24','13:18:00','19:00:00',0,10.00),('2','2016-04-25','13:16:00','18:00:00',0,10.00),('2','2016-04-26','14:19:00','18:00:00',0,10.00),('2','2016-04-27','14:29:00','19:00:00',0,10.00),('2','2016-04-28','13:12:00','18:00:00',0,10.00),('2','2016-04-29','14:15:00','18:00:00',0,10.00),('2','2016-03-01','07:23:00','13:00:00',1,10.00),('2','2016-03-02','08:20:00','12:00:00',1,10.00),('2','2016-03-03','08:33:00','12:00:00',1,10.00),('2','2016-03-04','08:12:00','12:00:00',1,10.00),('2','2016-03-05','08:59:00','12:00:00',1,10.00),('2','2016-03-06','07:08:00','13:00:00',1,10.00),('2','2016-03-07','08:59:00','12:00:00',1,10.00),('2','2016-03-08','08:14:00','13:00:00',1,10.00),('2','2016-03-09','08:31:00','12:00:00',1,10.00),('2','2016-03-10','07:33:00','13:00:00',1,10.00),('2','2016-03-11','07:53:00','13:00:00',1,10.00),('2','2016-03-12','08:21:00','13:00:00',1,10.00),('2','2016-03-13','08:26:00','12:00:00',1,10.00),('2','2016-03-14','07:50:00','13:00:00',1,10.00),('2','2016-03-15','08:20:00','13:00:00',1,10.00),('2','2016-03-16','08:10:00','12:00:00',1,10.00),('2','2016-03-17','08:25:00','12:00:00',1,10.00),('2','2016-03-18','08:16:00','12:00:00',1,10.00),('2','2016-03-19','08:29:00','13:00:00',1,10.00),('2','2016-03-20','07:28:00','13:00:00',1,10.00),('2','2016-03-21','08:34:00','13:00:00',1,10.00),('2','2016-03-22','08:08:00','12:00:00',1,10.00),('2','2016-03-23','07:03:00','12:00:00',1,10.00),('2','2016-03-24','08:49:00','13:00:00',1,10.00),('2','2016-03-25','07:46:00','13:00:00',1,10.00),('2','2016-03-26','07:35:00','13:00:00',1,10.00),('2','2016-03-27','07:15:00','13:00:00',1,10.00),('2','2016-03-28','08:21:00','13:00:00',1,10.00),('2','2016-03-29','08:52:00','12:00:00',1,10.00),('2','2016-03-01','13:42:00','18:00:00',0,10.00),('2','2016-03-02','13:35:00','18:00:00',0,10.00),('2','2016-03-03','14:44:00','18:00:00',0,10.00),('2','2016-03-04','13:42:00','19:00:00',0,10.00),('2','2016-03-05','14:46:00','19:00:00',0,10.00),('2','2016-03-06','14:27:00','18:00:00',0,10.00),('2','2016-03-07','13:17:00','19:00:00',0,10.00),('2','2016-03-08','14:38:00','19:00:00',0,10.00),('2','2016-03-09','14:18:00','19:00:00',0,10.00),('2','2016-03-10','13:37:00','19:00:00',0,10.00),('2','2016-03-11','14:10:00','19:00:00',0,10.00),('2','2016-03-12','13:41:00','18:00:00',0,10.00),('2','2016-03-13','14:22:00','18:00:00',0,10.00),('2','2016-03-14','14:46:00','19:00:00',0,10.00),('2','2016-03-15','14:36:00','19:00:00',0,10.00),('2','2016-03-16','13:23:00','18:00:00',0,10.00),('2','2016-03-17','13:21:00','18:00:00',0,10.00),('2','2016-03-18','13:38:00','19:00:00',0,10.00),('2','2016-03-19','13:37:00','18:00:00',0,10.00),('2','2016-03-20','14:32:00','18:00:00',0,10.00),('2','2016-03-21','13:12:00','19:00:00',0,10.00),('2','2016-03-22','14:35:00','18:00:00',0,10.00),('2','2016-03-23','14:19:00','19:00:00',0,10.00),('2','2016-03-24','13:20:00','19:00:00',0,10.00),('2','2016-03-25','13:35:00','18:00:00',0,10.00),('2','2016-03-26','13:19:00','19:00:00',0,10.00),('2','2016-03-27','14:15:00','18:00:00',0,10.00),('2','2016-03-28','14:34:00','19:00:00',0,10.00),('2','2016-03-29','14:28:00','19:00:00',0,10.00),('2','2016-05-01','08:05:00','12:00:00',1,10.00),('2','2016-05-02','07:24:00','13:00:00',1,10.00),('2','2016-05-03','07:16:00','13:00:00',1,10.00),('2','2016-05-04','07:13:00','12:00:00',1,10.00),('2','2016-05-05','07:22:00','12:00:00',1,10.00),('2','2016-05-06','08:39:00','12:00:00',1,10.00),('2','2016-05-07','07:30:00','13:00:00',1,10.00),('2','2016-05-08','07:42:00','12:00:00',1,10.00),('2','2016-05-09','08:26:00','13:00:00',1,10.00),('2','2016-05-10','07:51:00','13:00:00',1,10.00),('2','2016-05-11','07:17:00','12:00:00',1,10.00),('2','2016-05-12','07:59:00','13:00:00',1,10.00),('2','2016-05-13','08:58:00','12:00:00',1,10.00),('2','2016-05-14','08:19:00','12:00:00',1,10.00),('2','2016-05-15','08:15:00','12:00:00',1,10.00),('2','2016-05-16','07:04:00','12:00:00',1,10.00),('2','2016-05-17','07:37:00','13:00:00',1,10.00),('2','2016-05-18','07:41:00','12:00:00',1,10.00),('2','2016-05-19','07:34:00','12:00:00',1,10.00),('2','2016-05-20','08:58:00','13:00:00',1,10.00),('2','2016-05-21','08:59:00','13:00:00',1,10.00),('2','2016-05-22','08:53:00','13:00:00',1,10.00),('2','2016-05-23','07:42:00','12:00:00',1,10.00),('2','2016-05-24','08:38:00','13:00:00',1,10.00),('2','2016-05-25','07:26:00','13:00:00',1,10.00),('2','2016-05-26','08:56:00','13:00:00',1,10.00),('2','2016-05-27','08:33:00','12:00:00',1,10.00),('2','2016-05-28','08:10:00','12:00:00',1,10.00),('2','2016-05-29','07:34:00','13:00:00',1,10.00),('2','2016-05-01','14:36:00','19:00:00',0,10.00),('2','2016-05-02','14:18:00','19:00:00',0,10.00),('2','2016-05-03','14:39:00','18:00:00',0,10.00),('2','2016-05-04','14:27:00','18:00:00',0,10.00),('2','2016-05-05','14:20:00','19:00:00',0,10.00),('2','2016-05-06','13:47:00','19:00:00',0,10.00),('2','2016-05-07','13:14:00','18:00:00',0,10.00),('2','2016-05-08','13:29:00','18:00:00',0,10.00),('2','2016-05-09','14:34:00','19:00:00',0,10.00),('2','2016-05-10','13:47:00','19:00:00',0,10.00),('2','2016-05-11','14:43:00','18:00:00',0,10.00),('2','2016-05-12','14:16:00','19:00:00',0,10.00),('2','2016-05-13','13:31:00','19:00:00',0,10.00),('2','2016-05-14','14:21:00','19:00:00',0,10.00),('2','2016-05-15','14:42:00','19:00:00',0,10.00),('2','2016-05-16','14:23:00','18:00:00',0,10.00),('2','2016-05-17','14:44:00','18:00:00',0,10.00),('2','2016-05-18','14:37:00','19:00:00',0,10.00),('2','2016-05-19','14:39:00','18:00:00',0,10.00),('2','2016-05-20','14:26:00','18:00:00',0,10.00),('2','2016-05-21','14:26:00','19:00:00',0,10.00),('2','2016-05-22','13:17:00','18:00:00',0,10.00),('2','2016-05-23','13:47:00','18:00:00',0,10.00),('2','2016-05-24','14:13:00','19:00:00',0,10.00),('2','2016-05-25','14:33:00','18:00:00',0,10.00),('2','2016-05-26','14:49:00','19:00:00',0,10.00),('2','2016-05-27','13:46:00','19:00:00',0,10.00),('2','2016-05-28','14:49:00','18:00:00',0,10.00),('2','2016-05-29','13:19:00','18:00:00',0,10.00),('1','2016-05-30','07:30:00',NULL,1,10.00),('4','2016-05-01','07:54:00','12:00:00',1,10.00),('4','2016-05-02','07:43:00','12:00:00',1,10.00),('4','2016-05-03','08:19:00','12:00:00',1,10.00),('4','2016-05-04','08:36:00','13:00:00',1,10.00),('4','2016-05-05','08:09:00','13:00:00',1,10.00),('4','2016-05-06','08:53:00','13:00:00',1,10.00),('4','2016-05-07','08:48:00','12:00:00',1,10.00),('4','2016-05-08','07:40:00','12:00:00',1,10.00),('4','2016-05-09','08:07:00','13:00:00',1,10.00),('4','2016-05-10','08:17:00','13:00:00',1,10.00),('4','2016-05-11','07:19:00','12:00:00',1,10.00),('4','2016-05-12','07:03:00','12:00:00',1,10.00),('4','2016-05-13','08:34:00','13:00:00',1,10.00),('4','2016-05-14','07:46:00','13:00:00',1,10.00),('4','2016-05-15','07:45:00','12:00:00',1,10.00),('4','2016-05-16','07:21:00','12:00:00',1,10.00),('4','2016-05-17','08:38:00','13:00:00',1,10.00),('4','2016-05-18','08:22:00','12:00:00',1,10.00),('4','2016-05-19','07:49:00','12:00:00',1,10.00),('4','2016-05-20','07:23:00','12:00:00',1,10.00),('4','2016-05-21','08:39:00','12:00:00',1,10.00),('4','2016-05-22','08:08:00','12:00:00',1,10.00),('4','2016-05-23','08:23:00','12:00:00',1,10.00),('4','2016-05-24','07:15:00','13:00:00',1,10.00),('4','2016-05-25','07:20:00','12:00:00',1,10.00),('4','2016-05-26','07:55:00','13:00:00',1,10.00),('4','2016-05-27','08:17:00','12:00:00',1,10.00),('4','2016-05-28','07:34:00','12:00:00',1,10.00),('4','2016-05-29','08:59:00','12:00:00',1,10.00),('4','2016-05-01','13:41:00','18:00:00',0,10.00),('4','2016-05-02','13:21:00','18:00:00',0,10.00),('4','2016-05-03','14:33:00','18:00:00',0,10.00),('4','2016-05-04','14:48:00','19:00:00',0,10.00),('4','2016-05-05','14:23:00','18:00:00',0,10.00),('4','2016-05-06','14:40:00','19:00:00',0,10.00),('4','2016-05-07','14:26:00','19:00:00',0,10.00),('4','2016-05-08','13:10:00','19:00:00',0,10.00),('4','2016-05-09','13:35:00','19:00:00',0,10.00),('4','2016-05-10','14:31:00','18:00:00',0,10.00),('4','2016-05-11','13:18:00','19:00:00',0,10.00),('4','2016-05-12','14:18:00','18:00:00',0,10.00),('4','2016-05-13','14:17:00','19:00:00',0,10.00),('4','2016-05-14','14:18:00','19:00:00',0,10.00),('4','2016-05-15','13:28:00','19:00:00',0,10.00),('4','2016-05-16','13:31:00','19:00:00',0,10.00),('4','2016-05-17','13:16:00','18:00:00',0,10.00),('4','2016-05-18','14:42:00','18:00:00',0,10.00),('4','2016-05-19','14:17:00','19:00:00',0,10.00),('4','2016-05-20','14:12:00','19:00:00',0,10.00),('4','2016-05-21','14:15:00','18:00:00',0,10.00),('4','2016-05-22','13:11:00','18:00:00',0,10.00),('4','2016-05-23','14:20:00','19:00:00',0,10.00),('4','2016-05-24','14:41:00','18:00:00',0,10.00),('4','2016-05-25','13:42:00','19:00:00',0,10.00),('4','2016-05-26','13:32:00','18:00:00',0,10.00),('4','2016-05-27','14:38:00','19:00:00',0,10.00),('4','2016-05-28','13:16:00','18:00:00',0,10.00),('4','2016-05-29','14:16:00','19:00:00',0,10.00),('5','2016-05-01','08:18:00','13:00:00',1,10.00),('5','2016-05-02','08:39:00','13:00:00',1,10.00),('5','2016-05-03','08:09:00','12:00:00',1,10.00),('5','2016-05-04','07:31:00','13:00:00',1,10.00),('5','2016-05-05','07:17:00','12:00:00',1,10.00),('5','2016-05-06','08:24:00','12:00:00',1,10.00),('5','2016-05-07','08:40:00','13:00:00',1,10.00),('5','2016-05-08','08:36:00','12:00:00',1,10.00),('5','2016-05-09','07:26:00','13:00:00',1,10.00),('5','2016-05-10','07:05:00','13:00:00',1,10.00),('5','2016-05-11','08:55:00','12:00:00',1,10.00),('5','2016-05-12','08:47:00','13:00:00',1,10.00),('5','2016-05-13','07:08:00','13:00:00',1,10.00),('5','2016-05-14','07:20:00','13:00:00',1,10.00),('5','2016-05-15','07:30:00','12:00:00',1,10.00),('5','2016-05-16','08:35:00','13:00:00',1,10.00),('5','2016-05-17','07:21:00','12:00:00',1,10.00),('5','2016-05-18','08:08:00','12:00:00',1,10.00),('5','2016-05-19','08:22:00','12:00:00',1,10.00),('5','2016-05-20','08:51:00','13:00:00',1,10.00),('5','2016-05-21','07:21:00','13:00:00',1,10.00),('5','2016-05-22','08:50:00','13:00:00',1,10.00),('5','2016-05-23','07:33:00','13:00:00',1,10.00),('5','2016-05-24','08:30:00','13:00:00',1,10.00),('5','2016-05-25','07:39:00','13:00:00',1,10.00),('5','2016-05-26','07:39:00','12:00:00',1,10.00),('5','2016-05-27','07:22:00','13:00:00',1,10.00),('5','2016-05-28','08:48:00','12:00:00',1,10.00),('5','2016-05-29','08:41:00','13:00:00',1,10.00),('5','2016-05-01','13:48:00','19:00:00',0,10.00),('5','2016-05-02','14:40:00','19:00:00',0,10.00),('5','2016-05-03','14:43:00','18:00:00',0,10.00),('5','2016-05-04','14:39:00','18:00:00',0,10.00),('5','2016-05-05','13:11:00','19:00:00',0,10.00),('5','2016-05-06','13:48:00','18:00:00',0,10.00),('5','2016-05-07','13:35:00','19:00:00',0,10.00),('5','2016-05-08','14:34:00','19:00:00',0,10.00),('5','2016-05-09','14:33:00','19:00:00',0,10.00),('5','2016-05-10','13:24:00','19:00:00',0,10.00),('5','2016-05-11','14:23:00','19:00:00',0,10.00),('5','2016-05-12','14:39:00','19:00:00',0,10.00),('5','2016-05-13','13:43:00','19:00:00',0,10.00),('5','2016-05-14','13:35:00','19:00:00',0,10.00),('5','2016-05-15','13:12:00','18:00:00',0,10.00),('5','2016-05-16','13:36:00','19:00:00',0,10.00),('5','2016-05-17','14:19:00','19:00:00',0,10.00),('5','2016-05-18','13:18:00','19:00:00',0,10.00),('5','2016-05-19','14:43:00','18:00:00',0,10.00),('5','2016-05-20','13:15:00','18:00:00',0,10.00),('5','2016-05-21','13:41:00','18:00:00',0,10.00),('5','2016-05-22','14:41:00','19:00:00',0,10.00),('5','2016-05-23','14:24:00','18:00:00',0,10.00),('5','2016-05-24','13:43:00','19:00:00',0,10.00),('5','2016-05-25','13:14:00','19:00:00',0,10.00),('5','2016-05-26','14:25:00','19:00:00',0,10.00),('5','2016-05-27','13:29:00','18:00:00',0,10.00),('5','2016-05-28','13:21:00','19:00:00',0,10.00),('5','2016-05-29','13:46:00','18:00:00',0,10.00);

#
# Structure for table "all_sals"
#

DROP VIEW IF EXISTS `all_sals`;
CREATE VIEW `all_sals` AS 
  select `s`.`id` AS `id`,`user`.`name` AS `name`,date_format(`s`.`dates`,_utf8'%Y-%m') AS `Y_M`,`s`.`base` AS `base`,`b`.`bonus` AS `bonus`,(`s`.`base` + `b`.`bonus`) AS `all_sal` from ((`sal_record` `s` join `bonus_record` `b`) join `user`) where ((`s`.`id` = `b`.`id`) and (date_format(`s`.`dates`,_utf8'%Y-%m') = date_format(`b`.`dates`,_utf8'%Y-%m')) and (`s`.`id` = `user`.`id`));

#
# Structure for table "users"
#

DROP VIEW IF EXISTS `users`;
CREATE VIEW `users` AS 
  select `a`.`id` AS `id`,`a`.`name` AS `name`,`a`.`sex` AS `sex`,`a`.`age` AS `age`,`a`.`entry` AS `entry`,`a`.`job` AS `job`,`a`.`salary` AS `salary`,`a`.`bonus` AS `bonus`,`a`.`department` AS `department`,`a`.`superior` AS `superior`,`b`.`name` AS `sname`,`jobs`.`jname` AS `jname`,`department`.`dname` AS `dname` from (((`user` `a` join `user` `b`) join `jobs`) join `department`) where ((`a`.`superior` = `b`.`id`) and (`a`.`job` = `jobs`.`job`) and (`a`.`department` = `department`.`department`));

#
# Structure for table "v_attendance"
#

DROP VIEW IF EXISTS `v_attendance`;
CREATE VIEW `v_attendance` AS 
  select `a`.`id` AS `id`,`a`.`dates` AS `dates`,`a`.`ontimes` AS `ontimes`,`a`.`offtimes` AS `offtimes`,`a`.`types` AS `types`,`a`.`fee` AS `fee`,`u`.`name` AS `name` from (`attendance` `a` join `user` `u`) where (`a`.`id` = `u`.`id`);
